Catchment,Country,Year,ReferenceN,TN,NO3,NH4,DON,PON
Aare Oberhasli,Switzerland,,Berendt and Opitz (2000),,683,,,
Accotink creek,USA,1994,USA data,1757,993,108,,
Adige,Italy,1977,Provini et al. (1992),569,113,,,
Agnes,Australia,2004,Victoria data,508,278,,,
Ähtävänjoki,Finland,2000,NEST data,273,21,26,,
Aire,United Kingdom,1993,House et al. (1997),410,209,,,
Alarconcillo creek,Spain,2003,Alvarez-Cobelas (unpubl.),161,114,,,
Albany,Australia,1994 (1991-2000),McKergow et al. (2003),200,,,,
Alhambra creek,Spain,2003,Alvarez-Cobelas (unpubl.),31,34,,,
Aliakmon,Greece,1997,Voutsa et al. (2001),75,,,,
Alpenrhein,Switzerland,,Berendt and Opitz (2000),,934,,,
Altamaha,USA,1994,USA data,347,128,28,,
Alterälven,Sweden,2000,NEST data,274,9,14,,
Amarguillo near Camuñas,Spain,2003,Alvarez-Cobelas (unpubl.),88,9,42,,
Amarguillo upstream Urda,Spain,2003,Alvarez-Cobelas (unpubl.),90,57,,,
Amazon,Perú-Brazil-Colombia-Venezuela,,Lewis et al. (1999),606,168,31,194,242
Amguema,Russia,,Smith et al. (2003),,2,,,
Ammonoosuc,USA,1994,USA data,244,92,19,,
Amur,Russia,,Smith et al. (2003),,17,,,
Anabar,Nauru,,Smith et al. (2003),,2,,,
Andrews creek,USA,,Lewis (2002),357,9,14,247,58
Androscoggin,USA,,van Breemen et al. (2002),404,,,,
Angaw lagoon,Ghana,,Smith et al. (2003),,4,,,
Ängermanälven,Sweden,2000,NEST data,212,7,6,,
Annan,Australia,,Smith et al. (2003),,3,,,
Apalachicola,USA,,Fu and Winchester (1994),383,132,27,,
Apalachicola bay,USA,,Smith et al. (2003),,45,,,
Apalachicola near Sumatra,USA,1994,USA data,676,366,33,,
Apure,Venezuela,,Lewis et al. (1999),287,41,17,80,154
Argen,Germany,,Berendt and Opitz (2000),,3062,,,
Arno,Italy,,Smith et al. (2003),,122,,,
Ätran,Sweden,2000,NEST data,706,83,35,,
Aulencia at Guadarrama junction,Spain,2002,Alvarez-Cobelas (unpubl).,1648,852,523,,
Aulencia downstream Valmayor reservoir,Spain,2002,Alvarez-Cobelas (unpubl).,184,26,2,,
Aulencia near Valdemorillo,Spain,2002,Alvarez-Cobelas (unpubl).,492,201,21,,
Auli,Norway,1994 (1991-1994),Høyas et al. (1997),2650,,,,
Aurajoki,Finland,2000,NEST data,1208,161,24,,
Avon,United Kingdom,1995,Russell et al. (1998),2363,,,,
Aycocks creek,USA,1994,USA data,500,326,17,,
Azuer at Vallermoso reservoir,Spain,2003,Alvarez-Cobelas (unpubl.),77,87,,,
Azuer near Carrizosa,Spain,2003,Alvarez-Cobelas (unpubl.),748,607,,,
Azuer near La Solana,Spain,2003,Alvarez-Cobelas (unpubl.),44,42,,,
Bachman Run,USA,1994,USA data,11051,10645,65,,
Bahía de Altata-Ensenada del Pabellón,Mexico,,Smith et al. (2003),,29,,,
Bahía Nueva,Argentina,,Smith et al. (2003),,31,,,
Baisman Run,USA,2000 (1999-2001),Groffman et al. (2004),720,700,,,
Balsas,Mexico,,Smith et al. (2003),,17,,,
Ban Pakong,Thailand,,Smith et al. (2003),,8,,,
Bandon bay,Thailand,,Smith et al. (2003),,45,,,
Bangpakong estuary,Thailand,,Smith et al. (2003),,23,,,
Baptiste lake-A1,Canada,1995,Cooke and Prepas (1998),,29,1,,
Baptiste lake-A2,Canada,1995,Cooke and Prepas (1998),,4,1,,
Baptiste lake-F1,Canada,1995,Cooke and Prepas (1998),,3,3,,
Baptiste lake-F2,Canada,1995,Cooke and Prepas (1998),,1,204,,
Bardello,Italy,1995,Mosello et al. (2001),2310,1414,252,,
Barito,Sweden,,Smith et al. (2003),,37,,,
Barringer creek,USA,1999-2001,Cairns and Lajtha (2005),,303,10,46,
Barron,Australia,1992,Moss et al. (1992),300,,,,
Barthe,France,,Berendt and Opitz (2000),,1918,,,
Bear creek,USA,1994,USA data,1148,966,41,,
Bedias creek,USA,1994,USA data,84,27,8,,
Bedija at Rozalén,Spain,2003,Alvarez-Cobelas (unpubl.),584,493,13,,
Bedija near Horcajo de Santiago,Spain,2003,Alvarez-Cobelas (unpubl.),83,91,,,
Bellinger,Australia,,Smith et al. (2003),,16,,,
Bemm,Australia,2004,Victoria data,33,14,,,
Bevano,Italy,,Marchetti and Verna (1992),2812,,,,
Big Lost,USA,1994,USA data,21,5,2,,
Big Sandy creek,USA,1994,USA data,175,41,20,,
Big Walnut creek,USA,1994,USA data,326,275,8,,
Birkenes,Norway,1975,Likens et al. (1977),220,,,,
Birs,Switzerland,,Berendt and Opitz (2000),,1542,,,
Biscuit brook,USA,1995,Lovett et al. (2000),398,77,,,
Black,USA,1994,USA data,520,150,42,,
Blackstone,USA,,Nixon et al. (1995),1500,687,517,343,57
Blackwater,USA,1994,USA data,212,58,15,,
Bobr,Czech Republic-Poland,,Berendt and Opitz (2000),,320,,,
Bobs creek,USA,1994,USA data,497,390,18,,
Boesio,Italy,1995,Mosello et al. (2001),4550,2716,792,,
Bois de Sioux,USA,1994,USA data,244,69,47,,
Boston harbor,USA,,Smith et al. (2003),,1703,,,
Bothnian bay,Sweden-Finland,,Smith et al. (2003),,19,,,
Bothnian sea,Sweden-Finland,,Smith et al. (2003),,83,,,
Botorpsströmmen,Sweden,2000,NEST data,125,7,2,,
Braço do Mota,Brazil,1990,Williams and Melack (1997a),431,60,18,287,70
Brantas,Java,,Smith et al. (2003),,347,,,
Bregenzerach,Austria,,Berendt and Opitz (2000),,1828,,,
Brisbane,Australia,1992,Moss et al. (1992),170,31,,,
Broad brook,USA,1994,USA data,3750,2996,254,,
Broadribb,Australia,2004,Victoria data,20,8,,,
Broken,Australia,2004,Victoria data,9,,,,
Brunswick,Australia,,Smith et al. (2003),,13,,,
Buffalo near Boxley,USA,1994,USA data,84,18,8,,
Buffalo near St. Joe,USA,1994,USA data,170,57,15,,
Bug,Ukraine,,Smith et al. (2003),,7,,,
Bullfrog creek,USA,1994,USA data,1196,358,104,,
Bungawalbin,Australia,1995,McKee and Eyre (2000),220,,,,
Burdekin-Haughton,Australia,1992,Moss et al. (1992),100,,,,
Burnett-Kolan,Australia,1992,Moss et al. (1992),90,,,,
Buskbäcken,Sweden,,Arnheimer et al. (1996),18,18,,,
Caboolture,Australia,,Smith et al. (2003),,46,,,
Cache Creek,USA,,Lewis (2002),220,11,41,99,42
Cache la Poudre,USA,1994,USA data,18,5,3,,
Calauag bay,Philippines,,Smith et al. (2003),,120,,,
Calder,United Kingdom,1993,House et al. (1997),,3403,,,
Camboriu estuary,Brazil,,Smith et al. (2003),,124,,,
Cameroon estuarine system,Cameroon,,Smith et al. (2003),,21,,,
Campaspe,Australia,2004,Victoria data,,0.02,,,
Canajoharie creek,USA,1994,USA data,418,265,19,,
Cañamares near Villahermosa,Spain,2003,Alvarez-Cobelas (unpubl.),298,139,,,
Candiano,Italy,,Marchetti and Verna (1992),3293,,,,
Cannobino,Italy,1995,Mosello et al. (2001),966,812,18,,
Caribuou Poker creek-C2,USA,2003,Jones et al. (2005),,100,,50,
Caribuou Poker creek-C3,USA,2003,Jones et al. (2005),,60,,70,
Caribuou Poker creek-C4,USA,2003,Jones et al. (2005),,120,,70,
Carigara bay,Philippines,,Smith et al. (2003),,290,,,
Carmen-Machona lagoons,Mexico,,Smith et al. (2003),,10,,,
Carnation Creek,USA,1975,Likens et al. (1977),110,,,,
Caroní,Venezuela,,Lewis et al. (1999),517,,78,235,75
Carretas-Pereyra,Mexico,,Smith et al. (2003),,10,,,
Carroll Park,USA,2000 (1999-2001),Groffman et al. (2004),820,510,,,
Carson near Carson City,USA,1994,USA data,23,3,1,,
Carson near Fort Churchill,USA,1994,USA data,2,,,,
Carter creek,USA,2002,Wollheim et al. (2005),,4,,73,
Castle Creek,USA,,Lewis (2002),19,1,1,10,2
Catoctin creek,USA,1994,USA data,1412,1030,55,,
Cau Hai lagoon,Vietnam,,Smith et al. (2003),,1371,,,
Caura,Venezuela,,Lewis et al. (1999),998,,114,400,364
Cedar river,USA,1975,Likens et al. (1977),60,,,,
Cedar Run,USA,1994,USA data,2560,2410,23,,
Center creek,USA,1994,USA data,927,879,8,,
Chambers creek,USA,1994,USA data,445,317,13,,
Chang Jiang,China,,Smith et al. (2003),,91,,,
Changjiang estuary,China,,Smith et al. (2003),,184,,,
Chantuto-Panzacola,Mexico,,Smith et al. (2003),,39,,,
Chao Phraya estuary,Thailand,,Smith et al. (2003),,16,,,
Chao Phraya,Thailand,,Smith et al. (2003),,10,,,
Charles,USA,,van Breemen et al. (2002),1756,,,,
Chattahochee near Norcross,USA,1994,USA data,334,200,39,,
Chattahochee near Whitesburg,USA,1994,USA data,1153,828,101,,
Cherry creek,USA,1994,USA data,2145,1427,137,,
Chesapeake bay,USA,,Smith et al. (2003),,114,,,
Chester,USA,2000,Norton and Fisher (2000),1100,,,,
Chicod creek,USA,1994,USA data,347,144,94,,
Chiku lagoon,Taiwan,,Smith et al. (2003),,1848,,,
Chivero,Zimbabwe,2000,Nhapi et al. (2002),1040,,,,
Choptank,USA,2000,Norton and Fisher (2000),1000,,,,
Churchill,Canada,,Smith et al. (2003),,2,,,
Cienaga Grande de Santa Marta,Colombia,,Smith et al. (2003),,16,,,
Cimanuk,Indonesia,,Smith et al. (2003),,160,,,
Citanduy,Indonesia,,Smith et al. (2003),,112,,,
Citarum,Indonesia,,Smith et al. (2003),,2220,,,
Clam Harbour,Canada,1983-1989,Clair et al. (1994),,3,,,
Clarence,Australia,,Smith et al. (2003),,9,,,
Claverack creek,USA,1994,USA data,840,694,27,,
Clear creek,USA,1994,USA data,58,28,13,,
Clifty creek,USA,1994,USA data,169,67,10,,
Coastal Richmond,Australia,1995,McKee and Eyre (2000),4758,3937,222,,
Columbia,USA,,Smith et al. (2003),62,,,,
Combined Mekong sites 26 31,Vietnam-Cambodia-Laos,,Smith et al. (2003),,27,,,
Combined Pearl river sites 1 3 4,China,,Smith et al. (2003),,95,,,
Conca,Italy,,Marchetti and Verna (1992),1204,,,,
Conceição lagoon,Brazil,,Smith et al. (2003),,8,,,
Conejos creek,USA,1994,USA data,18,3,2,,
Congo (Zaire) estuary,Zaire,,Smith et al. (2003),,36,,,
Connecticut,USA,,van Breemen et al. (2002),538,,,,
Connecticut at Thompsonville,USA,1994,USA data,403,187,116,,
Conococheague creek,USA,1994,USA data,3170,2789,58,,
Contentnea,USA,1994,USA data,373,205,31,,
Coppename,Surinam,,Smith et al. (2003),,6,,,
Córcoles near Munera,Spain,2003,Alvarez-Cobelas (unpubl.),202,145,1,,
Coshocton,USA,1975,Likens et al. (1977),250,,,,
Crab creek Lateral,USA,1994,USA data,1140,1054,12,,
Crab creek near Beverly,USA,1994,USA data,562,455,7,,
Crab creek near Ritzville,USA,1994,USA data,28,21,1,,
Cumberland,Australia,2004,Victoria data,348,129,,,
Curdies,Australia,2004,Victoria data,341,103,,,
Curonian lagoon,Lithuania,,Smith et al. (2003),,24,,,
Curtis Coast,Australia,1992,Moss et al. (1992),190,,,,
Daintree,Australia,,Smith et al. (2003),,6,,,
Dal,Norway,1993 (1991-1994),Høyas et al. (1997),1450,,,,
Dalälven,Sweden,2000,NEST data,254,15,8,,
Danish watershed-130011,Denmark,1993,Andersen et al. (2001),1700,,,,
Danish watershed-160030,Denmark,1993,Andersen et al. (2001),1800,,,,
Danish watershed-210072,Denmark,1993,Andersen et al. (2001),1500,,,,
Danish watershed-210752,Denmark,1993,Andersen et al. (2001),2600,,,,
Danish watershed-210759,Denmark,1993,Andersen et al. (2001),2600,,,,
Danish watershed-210803,Denmark,1993,Andersen et al. (2001),1800,,,,
Danish watershed-210872,Denmark,1993,Andersen et al. (2001),3600,,,,
Danish watershed-220043,Denmark,1993,Andersen et al. (2001),2800,,,,
Danish watershed-350011,Denmark,1993,Andersen et al. (2001),3200,,,,
Danish watershed-360012,Denmark,1993,Andersen et al. (2001),2500,,,,
Danish watershed-470033,Denmark,1993,Andersen et al. (2001),3000,,,,
Danish watershed-480011,Denmark,1993,Andersen et al. (2001),900,,,,
Danish watershed-520033,Denmark,1993,Andersen et al. (2001),1200,,,,
Danish watershed-570044,Denmark,1993,Andersen et al. (2001),3500,,,,
Danish watershed-570063,Denmark,1993,Andersen et al. (2001),3800,,,,
Danish watershed-580019,Denmark,1993,Andersen et al. (2001),3000,,,,
Danish watershed-620022,Denmark,1993,Andersen et al. (2001),2600,,,,
Däntersta,Sweden,,Arnheimer et al. (1996),353,14,,,
Danube,Germany-Austria-Serbia-Hungria-Roumania,,Smith et al. (2003),153,,,,
Dart,United Kingdom,1995,Russell et al. (1998),3503,,,,
Daugava,Latvia,2000,NEST data,371,44,17,,
Daule,Ecuador,,Smith et al. (2003),,114,,,
Davao gulf,Philippines,,Smith et al. (2003),,188,,,
Dead Run,USA,1999 (1999-2001),Groffman et al. (2004),550,300,,,
Delängersän,Sweden,2000,NEST data,202,15,4,,
Delaware,USA,,van Breemen et al. (2002),518,,,,
Derwent,United Kingdom,1993,House et al. (1997),,2545,,,
Destra Reno,Italy,,Marchetti and Verna (1992),2808,,,,
Devils Cradle creek,USA,1994,USA data,468,190,47,,
Dnepr,Ukraine-Russia,,Smith et al. (2003),,5,,,
Dnestr,Ukraine-Russia,,Smith et al. (2003),,34,,,
Dnieper-Bug,Ukraine-Russia,,Smith et al. (2003),,42,,,
Dniester,Ukraine-Russia,,Smith et al. (2003),,54,,,
Dokai bay,Japan,,Smith et al. (2003),,3590,,,
Don,Australia,1992,Moss et al. (1992),,3034,,,
Don,Russia,,Smith et al. (2003),230,,,,
Don,United Kingdom,1993,House et al. (1997),,4,,,
Dousinbury creek,USA,1994,USA data,44,28,2,,
Drau,Austria,,Berendt and Opitz (2000),,764,,,
Duck creek,USA,1994,USA data,288,157,10,,
Dunk,Canada,1983-1989,Clair et al. (1994),,88,,,
East Fork Carson,USA,1994,USA data,46,9,5,,
East Fork Trinity,USA,1994,USA data,381,237,16,,
East Fork White,USA,1994,USA data,786,610,27,,
East Mahantango creek,USA,1994,USA data,4092,3729,44,,
Eagle,Canada,1983-1989,Clair et al. (1994),,1,,,
East,USA,1994,USA data,1220,648,56,,
East China sea,China,,Smith et al. (2003),,49,,,
EL 68 D Wasteway,USA,1994,USA data,1710,1478,32,,
El Soto creek,Spain,2002,Alvarez-Cobelas (unpubl).,13515,1663,9509,,
El Villar creek,Spain,2002,Alvarez-Cobelas (unpubl).,5663,3667,5729,,
ELA,Canada,1975,Likens et al. (1977),90,,,,
Elde,Germany,,Berendt and Opitz (2000),,244,,,
Elder creek,USA,,Lewis (2002),411,23,46,183,90
Elephant head,USA,1997,Goodale et al. (2000),,9,10,140,
Elk,USA,1994,USA data,606,510,15,,
Elkhorn,USA,1994,USA data,612,358,32,,
Emän,Sweden,2000,NEST data,172,16,4,,
Emerald lake,USA,,Lewis et al. (1999),,56,,,
Encampment river,USA,,Lewis (2002),375,10,42,209,88
Era,Italy,1979,Caporali et al. (1981),1565,1009,31,,497
Erno,Italy,1995,Mosello et al. (2001),1834,1638,18,,
Esopus creek,USA,1994,USA data,355,154,26,,
Esquatzel Diversion Channel,USA,1994,USA data,297,261,4,,
Estero de Punta Banda,Mexico,,Smith et al. (2003),,8,,,
Eurajoki,Finland,2000,NEST data,805,102,68,,
Exe,United Kingdom,1995,Russell et al. (1998),2438,,,,
Falcon Nile creek,USA,1999-2001,Cairns and Lajtha (2005),,15,14,23,
Fall Kill,USA,1994,USA data,339,192,22,,
Falling creek,USA,,Lewis (2002),111,6,21,49,21
Fanno creek,USA,1994,USA data,1852,1080,130,,
Filtering Sun brook,USA,1999-2001,Cairns and Lajtha (2005),,247,5,34,
Fitzroy,Australia,1992,Moss et al. (1992),70,,,,
Fiumi Uniti,Italy,,Marchetti and Verna (1992),1634,,,,
Fly River estuary,New Guinea,,Smith et al. (2003),,38,,,
Formarksän,Sweden,2000,NEST data,199,10,3,,
Four Mile creek,USA,1996 (1994-1998),Vanni et al. (2001),8140,6819,92,,736
Fox,USA,1994,USA data,380,98,44,,
Franklin,Australia,2004,Victoria data,480,279,,,
Frenchman Hills wasteway,USA,1994,USA data,2640,2340,23,,
Gales creek,USA,1994,USA data,3582,1341,118,,
Gambia,Senegal-Guinea Bissau-Gambia,,Lewis et al. (1999),126,,,,15
Ganges,India,,Caraco and Cole (1999),198,,,,
Garonne,France,1980,Probst (1985),727,,,,
Gauja,Latvia,2000,NEST data,462,64,30,,
Gavleän,Sweden,2000,NEST data,306,21,16,,
Gazi Bay mangrove creek,Kenya,,Smith et al. (2003),,14,,,
Gellibrand,Australia,2004,Victoria data,296,99,,,
Genoa,Australia,2004,Victoria data,4,,,,
George's Gorge-B,USA,1997,Goodale et al. (2000),,5,10,70,
Gibbs brook-A,USA,1997,Goodale et al. (2000),,14,10,90,
Gibbs brook-B,USA,1997,Goodale et al. (2000),,11,10,80,
Gibbs brook-D,USA,1997,Goodale et al. (2000),,29,10,70,
GideÄlven,Sweden,2000,NEST data,220,7,6,,
Gigüela near Herencia,Spain,2003,Alvarez-Cobelas (unpubl.),35,37,1,,
Gigüela near Palomares,Spain,2003,Alvarez-Cobelas (unpubl.),312,335,3,,
Gigüela near Pozorrubio,Spain,2003,Alvarez-Cobelas (unpubl.),295,237,3,,
Gigüela near San Isidro chapel,Spain,2003,Alvarez-Cobelas (unpubl.),304,282,1,,
Gigüela near Villafranca,Spain,2003,Alvarez-Cobelas (unpubl.),169,95,1,,
Gigüela near Villarrubia de los Ojos,Spain,2003,Alvarez-Cobelas (unpubl.),5,4,,,
Giona,Italy,1995,Mosello et al. (2001),1316,1176,18,,
Gjern,Denmark,1995,Kronvang et al. (1999),1539,,,,
Glama,Norway,,Caraco and Cole (1999),179,,,,
Glen Boulder-B,USA,1997,Goodale et al. (2000),,47,10,110,
Glen Boulder-C,USA,1997,Goodale et al. (2000),,41,10,80,
Glen Boulder-D,USA,1997,Goodale et al. (2000),,27,10,80,
Glenelg,Australia,2004,Victoria data,27,1,,,
Glyndon,USA,2000 (1999-2001),Groffman et al. (2004),680,570,,,
Gold Coast,Australia,1992,Moss et al. (1992),380,,,,
Göta Älv,Sweden,2000,NEST data,346,56,7,,
Goulburn,Australia,2004,Victoria data,,,,,
Green,USA,1994,USA data,193,61,17,,
Grejs,Denmark,,Skop and Sorensen (1998),2400,,,,
Guadarrama,Spain,2002,Alvarez et al. (2003),600,,,,
Guadarrama at Los Molinos,Spain,2002,Alvarez-Cobelas (unpubl).,3933,857,28,,
Guadarrama at Villalba,Spain,2002,Alvarez-Cobelas (unpubl).,5267,1320,127,,
Guadarrama near Batres,Spain,2002,Alvarez-Cobelas (unpubl).,1483,953,1176,,
Guadarrama near Brunete,Spain,2002,Alvarez-Cobelas (unpubl).,961,572,268,,
Guadarrama near Majadahonda,Spain,2002,Alvarez-Cobelas (unpubl).,1155,628,303,,
Guadiana at La Cubeta,Spain,2003,Alvarez-Cobelas (unpubl.),209,184,1,,
Guadiana at La Esclusa bridge,Spain,2003,Alvarez-Cobelas (unpubl.),131,129,,,
Guadiana at Vado Ancho,Spain,2003,Alvarez-Cobelas (unpubl.),18,15,,,
Guadiana downstream San Pedra lake,Spain,2003,Alvarez-Cobelas (unpubl.),152,165,,,
Guadiana downstream Tomilla lake,Spain,2003,Alvarez-Cobelas (unpubl.),298,258,,,
Guaviare,Colombia,,Lewis et al. (1999),,94,40,,
Guayas River estuary,Ecuador,,Smith et al. (2003),,37,,,
Gudena,Denmark,,Berendt and Opitz (2000),,1068,,,
Gulf of Arauco,Chile,,Smith et al. (2003),,36,,,
Gulf of Gdansk,Poland,,Smith et al. (2003),,80,,,
Gulf of Lions,France,,Smith et al. (2003),,189,,,
Gulf of Nicoya,Costa Rica,,Smith et al. (2003),,8,,,
Gulf of Riga,Estonia-Latvia,,Smith et al. (2003),,110,,,
Gürbe,Switzerland,,Berendt and Opitz (2000),,2756,,,
Gwynnbrook,USA,2000 (1999-2001),Groffman et al. (2004),740,680,,,
Hakata bay,Japan,,Smith et al. (2003),,1702,,,
Hale brook,USA,1997,Goodale et al. (2000),,23,10,40,
Hastings,Australia,,Smith et al. (2003),,27,,,
Hauraki Gulf,New Zealand,,Smith et al. (2003),,45,,,
Havel,Germany,,Berendt and Opitz (2000),,382,,,
Hawkesbury-Nepean,Australia,,Smith et al. (2003),,6,,,
Helge ä,Sweden,2000,NEST data,451,62,11,,
Henrys Fork,USA,1994,USA data,66,33,5,,
Hensley creek,USA,1999-2001,Cairns and Lajtha (2005),,16,5,28,
Herbert,Australia,1992,Moss et al. (1992),280,,,,
Hidden stream,USA,1999-2001,Cairns and Lajtha (2005),,11,9,47,
Hockanum,USA,1994,USA data,2059,1518,305,,
Hojen,Denmark,,Skop and Sorensen (1998),3100,,,,
Hoosic,USA,1994,USA data,370,239,30,,
Hopkins,Australia,2004,Victoria data,44,7,,,
Housatonic,USA,1994,USA data,585,371,31,,
Høyjord,Norway,1994 (1991-1994),Høyas et al. (1997),4870,,,,
Huanghe,China,,Caraco and Cole (1999),276,,,,
Hubbard brook,USA,1975,Likens et al. (1977),400,,,,
Hudson,USA,,Caraco and Cole (1999),356,,,,
Hudson  at Waterford,USA,1994,USA data,489,243,80,,
Hudson near Lake Luzerne,USA,1994,USA data,285,120,24,,
Huhtisuonoja,Finland,,Arnheimer et al. (1996),168,26,33,,
Hulubäcken,Sweden,,Arnheimer et al. (1996),23,23,24,,
Hunte,Canada,,Berendt and Opitz (2000),,758,,,
Husted creek,USA,1999-2001,Cairns and Lajtha (2005),,38,5,36,
Icacos,Brazil,,Lewis et al. (1999),980,254,87,479,180
Icacos,Brazil,1984 (1983-1985),McDowell and Asbury (1994),870,238,62,450,120
IIjoki,Finland,2000,NEST data,206,7,5,,
Ill,France,,Berendt and Opitz (2000),,1443,,,
Illinois,USA,1994,USA data,895,764,15,,
Indalsälven,Sweden,2000,NEST data,256,16,7,,
Indian,Canada,1983-1989,Clair et al. (1994),,2,,,
Inn,Switzerland,,Berendt and Opitz (2000),,1064,,,
Inner Thermaikos gulf,Greece,,Smith et al. (2003),,43,,,
Irish sea,Ireland,,Smith et al. (2003),,697,,,
Ise bay,Japan,,Smith et al. (2003),,1447,,,
Isle Morts,Canada,1983-1989,Clair et al. (1994),,6,,,
Isojoki,Finland,2000,NEST data,533,51,30,,
Jacks Fork,USA,1994,USA data,348,147,23,,
James,USA,,van Breemen et al. (2002),314,,,,
Japurá,Colombia,,Lewis et al. (1999),860,204,,184,244
Jardine,Australia,,Smith et al. (2003),,3,,,
Jiulong bay,China,,Smith et al. (2003),,164,,,
Johnstone,Australia,1992,Moss et al. (1992),1400,,,,
Jualón near Palomares,Spain,2003,Alvarez-Cobelas (unpubl.),364,438,1,,
Juruá,Brazil,,Lewis et al. (1999),445,182,,121,144
Kalajoji,Finland,2000,NEST data,766,95,34,,
Kalix Älv,Sweden,2000,NEST data,297,11,15,,
Kander-Simme,Switzerland,,Berendt and Opitz (2000),,730,,,
Kaneohe bay,USA,,Smith et al. (2003),,629,,,
Karvianjoki,Finland,2000,NEST data,282,24,49,,
Kasari,Estonia,2000,NEST data,804,123,4,,
Kavlingean,Denmark,1988,Krug (1993),1610,,,,
Kazan and Black,Russia,,Caraco and Cole (1999),3,,,,
Keila,Estonia,2000,NEST data,1650,286,36,,
Kelley,Canada,1983-1989,Clair et al. (1994),,2,,,
Kemijoki,Finland,2000,NEST data,167,6,6,,
Kennebec,USA,,van Breemen et al. (2002),333,,,,
Kessinger ditch,USA,1994,USA data,954,807,38,,
Kiamichi River,USA,,Lewis (2002),381,14,40,247,41
Kiewa,Australia,2004,Victoria data,8,4,,,
Kiiminginjoki,Finland,2000,NEST data,267,11,9,,
Kilaan,Sweden,,Berendt and Opitz (2000),,255,,,
Kings,USA,1994,USA data,343,205,18,,
Kishacoquikkas creek,USA,1994,USA data,5385,5075,42,,
Kiskonji-Perniönjoki,Finland,2000,NEST data,471,58,8,,
Knysna estuary,South Africa,,Smith et al. (2003),,4,,,
Koivupuro,Finland,,Arnheimer et al. (1996),106,3,44,,
Kokemäenjoki,Finland,2000,NEST data,566,72,23,,
Koskenkylänjoki,Finland,2000,NEST data,865,140,14,,
Krems,Austria,,Berendt and Opitz (2000),,2500,,,
Kromme estuary,South Africa,,Smith et al. (2003),,0.23,,,
Kuala Terengganu estuary,Malaysia,,Smith et al. (2003),,104,,,
Kuivajoki,Finland,2000,NEST data,494,21,17,,
Kullarna,Sweden,,Arnheimer et al. (1996),202,30,26,,
Kuokkel,Sweden,1975,Likens et al. (1977),97,,,,
Kymijoki,Finland,2000,NEST data,141,12,6,,
Kyrönjoki,Finland,2000,NEST data,1096,145,66,,
La Have,Canada,1983-1989,Clair et al. (1994),,2,,,
La Peralera creek,Spain,2002,Alvarez-Cobelas (unpubl).,3206,1857,1577,,
La Solana creek,Spain,2002,Alvarez-Cobelas (unpubl).,106,65,39,,
La Torre creek,Spain,2002,Alvarez-Cobelas (unpubl).,5053,1261,2958,,
La Trobe,Australia,2004,Victoria data,,55,,,
La Vega creek,Spain,2002,Alvarez-Cobelas (unpubl).,1101,435,647,,
Lafayette brook-A,USA,1997,Goodale et al. (2000),,45,10,90,
Lafayette brook-B,USA,1997,Goodale et al. (2000),,41,10,80,
Lafayette creek,USA,1994,USA data,721,117,83,,
Lagan,Sweden,2000,NEST data,363,31,11,,
Lagos lagoon,Nigeria,,Smith et al. (2003),,68,,,
Laguna de Términos,Mexico,,Smith et al. (2003),,62,,,
Laihianjoki,Finland,2000,NEST data,684,56,246,,
Lake Alimini Grande,Italy,,Smith et al. (2003),,4,,,
Lake Baiyangdian,China,,Yan et al. (2005),600,,,,
Lake Taihu,China,,Yan et al. (2005),1470,,,,
Lamone,Italy,,Marchetti and Verna (1992),1437,,,,
Langete,Switzerland,,Berendt and Opitz (2000),,3150,,,
Laptev Sea shelf,Russia,,Smith et al. (2003),,1,,,
Lapuanjoki,Finland,2000,NEST data,814,108,79,,
Las Vegas Wash near Henderson,USA,1994,USA data,627,115,535,,
Las Vegas Wash near Las Vegas,USA,1994,USA data,26,19,1,,
Lawless,USA,1989,Nelson et al. (1996),660,,,,
Leitha,Austria,,Berendt and Opitz (2000),,761,,,
Lepreau,Canada,1983-1989,Clair et al. (1994),,3,,,
Lestijoki,Finland,2000,NEST data,470,46,27,,
Lielupe,Latvia,2000,NEST data,695,104,45,,
Lilla Tivsjön,Sweden,,Arnheimer et al. (1996),24,24,,,
Lime creek,USA,1994,USA data,1011,519,58,,
Lincoln creek,USA,1994,USA data,371,173,57,,
Lind Coulee,USA,1994,USA data,382,341,6,,
Lingayen gulf,Philippines,,Smith et al. (2003),,341,,,
Liscomb,Canada,1983-1989,Clair et al. (1994),,2,,,
Lisha Kill,USA,1994,USA data,186,100,21,,
Little,Australia,2004,Victoria data,1,,,,
Little,USA,1994,USA data,373,67,31,,
Little Abiqua creek,USA,1994,USA data,1481,1058,63,,
Little Boulder creek,USA,1999-2001,Cairns and Lajtha (2005),,169,9,46,
Little Buck creek,USA,1994,USA data,206,138,11,,
Little Four Mile creek,USA,1996 (1994-1998),Vanni et al. (2001),8750,7497,80,,438
Little Pool creek,USA,1999-2001,Cairns and Lajtha (2005),,9,4,20,
Little Wildcat brook-A,USA,1997,Goodale et al. (2000),,5,10,70,
Little Wildcat brook-B,USA,1997,Goodale et al. (2000),,5,10,50,
Little Yarra,Australia,,Campbell (1978),,0.02,,,
Ljungan,Sweden,2000,NEST data,171,8,5,,
Ljungbyän,Sweden,2000,NEST data,306,38,4,,
Ljusnan,Sweden,2000,NEST data,217,9,8,,
Log creek,USA,1986 (1984-1993),Williams and Melack (1997b),,0.23,,,
Logan,Australia,,Smith et al. (2003),,16,,,
Lögdeälven,Sweden,2000,NEST data,212,6,17,,
Loire,France,,Berendt and Opitz (2000),,690,,,
Lonetree creek at Carr,USA,1994,USA data,1,0.25,0,,
Lonetree creek near Greeley,USA,1994,USA data,78,62,4,,
Longbow creek,USA,1999-2001,Cairns and Lajtha (2005),,27,3,13,
Los Combos creek,Spain,2002,Alvarez-Cobelas (unpubl.),20630,2992,12709,,
Lost,USA,1994,USA data,1422,1356,8,,
Lost pond-A,USA,1997,Goodale et al. (2000),,11,10,100,
Lost pond-B,USA,1997,Goodale et al. (2000),,5,10,100,
Lough Hyne,Ireland,,Smith et al. (2003),,30,,,
Loup,USA,1994,USA data,77,34,4,,
Lule Älv,Sweden,2000,NEST data,197,5,10,,
Luleälven estuary,Sweden,,Smith et al. (2003),,5,,,
Lütschine,Switzerland,,Berendt and Opitz (2000),,702,,,
Lyckebyän,Sweden,2000,NEST data,253,15,5,,
Mackenzie,USA,,Caraco and Cole (1999),12,,,,
Macleay,Australia,,Smith et al. (2003),,14,,,
Madeira,Brazil,,Lewis et al. (1999),463,130,,130,203
Magdalena,Colombia,,Caraco and Cole (1999),235,,,,
Maggia,Italy,1995,Mosello et al. (2001),1078,910,18,,
Mahanadi estuary,India,,Smith et al. (2003),,9,,,
Main,Germany,,Berendt and Opitz (2000),,1902,,,
Malad,USA,1994,USA data,8,4,,,
Mälaren,Sweden,,Berendt and Opitz (2000),,13,,,
Malindi bay,Kenya,,Smith et al. (2003),,0.32,,,
Mamberamo estuary,Indonesia,,Smith et al. (2003),,8,,,
Mandovi bay,India,,Smith et al. (2003),,48,,,
Manguaba,Brazil,,Smith et al. (2003),,12,,,
Manila bay,Philippines,,Smith et al. (2003),,301,,,
Manning,Australia,,Smith et al. (2003),,6,,,
Mäntsäläm,Finland,2000,NEST data,3494,601,83,,
Manukau Harbour,New Zealand,,Smith et al. (2003),,643,,,
Maple creek,USA,1994,USA data,1589,1116,61,,
Marano,Italy,,Marchetti and Verna (1992),5068,,,,
Marecchia,Italy,,Marchetti and Verna (1992),1707,,,,
Maricá-Guarapina,Brazil,,Smith et al. (2003),,35,,,
Marshall's Branch,USA,1996 (1994-1998),Vanni et al. (2001),4160,4155,86,,667
Mary,Australia,1992,Moss et al. (1992),270,,,,
McDonogh,USA,2000 (1999-2001),Groffman et al. (2004),1640,447,,,
Mecoacan lagoon,Mexico,,Smith et al. (2003),,10,,,
Medway,Canada,1983-1989,Clair et al. (1994),,1,,,
Meilin,China,2002,Gao et al. (2004),1050,,,,
Mekong,Cambodia-Laos-Vietnam,,Caraco and Cole (1999),144,,,,
Melk,Austria,,Berendt and Opitz (2000),,734,,,
Melo,Italy,,Marchetti and Verna (1992),1824,,,,
Menard creek,USA,1994,USA data,156,28,12,,
Menominee,USA,1994,USA data,139,32,10,,
Merced,USA,1994,USA data,106,83,7,,
Merikarvi,Finland,2000,NEST data,621,45,26,,
Merkedam,Norway,1994 (1992-1994),Høyas et al. (1997),1130,,,,
Merrimack,USA,,van Breemen et al. (2002),499,,,,
Merriman,Australia,,Victoria data,14,1,,,
Mersey,Canada,2004,Clair et al. (1994),,0.45,,,
Meta,Colombia,1983-1989,Lewis et al. (1999),,178,48,,
Meteghan,Canada,,Clair et al. (1994),,2,,,
Meuse,Germany-Belgium,1983-1989,Caraco and Cole (1999),920,,,,
Mhlathuze estuary,South Africa,,Smith et al. (2003),,3,,,
Middle Saint Marys,USA,,USA data,704,31,24,,
Mill,Canada,1994,Clair et al. (1994),,35,,,
Mill creek,USA,1983-1989,USA data,6180,5696,76,,
Milwaukee,USA,1994,USA data,208,70,14,,
Minam River,USA,1994,Lewis (2002),375,13,28,153,142
Mirs bay,China,,Smith et al. (2003),,5,,,
Mississippi,USA,,Alexander et al. (2000),358,,,,
Mitchell,Australia,,Victoria data,196,41,,,
Mobile bay,USA,2004,Smith et al. (2003),,30,,,
Mohawk,USA,,USA data,505,307,73,,
Monocacy at Bridgeport,USA,1994,USA data,1741,989,62,,
Monocacy near Frederick,USA,1994,USA data,1611,1283,62,,
Monreal near Ossa de la Vega,Spain,2003,Alvarez-Cobelas (unpubl.),26,23,1,,
Moorabool,Australia,2004,Victoria data,7,0.29,,,
Moresby,Australia,,Smith et al. (2003),,81,,,
Moulay,Morocco,,Smith et al. (2003),,153,,,
Mörrumsän,Sweden,2000,NEST data,228,16,6,,
Moshassuck,USA,,Nixon et al. (1995),1147,574,237,298,69
Mossman-Daintree,Australia,1992,Moss et al. (1992),540,,,,
Motala,Sweden,2000,NEST data,134,12,3,,
Moyne,Australia,2004,Victoria data,157,12,,,
Muddy creek,USA,1994,USA data,3271,3132,22,,
Mulde,Germany,,Berendt and Opitz (2000),,1996,,,
Mulgrave-Russell,Australia,1992,Moss et al. (1992),1350,,,,
Murray,Australia,2004,Victoria data,4,0.23,,,
Murray-Darling,Australia,,Caraco and Cole (1999),1,,,,
Murtopuro,Finland,,Arnheimer et al. (1996),205,14,15,,
Muscatatuck,USA,1994,USA data,460,258,16,,
Mustijoki,Finland,2000,NEST data,881,105,40,,
Mvoti estuary,South Africa,,Smith et al. (2003),,5,,,
Myllypuro,Finland,,Arnheimer et al. (1996),159,8,,,
Nakdong estuary,Korea,,Smith et al. (2003),,746,,,
Nambucca,Australia,,Smith et al. (2003),,35,,,
Nanaimo River,Canada,1975,Naiman and Sibert (1978),,72,25,,
Närpiönjoki,Finland,2000,NEST data,1090,145,80,,
Narragansett bay,USA,,Smith et al. (2003),,402,,,
Narva,Estonia-Russia,2000,NEST data,114,8,6,,
Nava creek upstream Blanca lake,Spain,2003,Alvarez-Cobelas (unpubl.),82,102,,,
Neckar,Germany,,Berendt and Opitz (2000),,2421,,,
Negro,Brazil,,Lewis et al. (1999),147,67,,248,2
Neman,Lithuania-Belarus,2000,NEST data,167,19,3,,
Neuse,USA,1989,Stow et al. (2001),248,136,,,
Neuse at Kinston,USA,1994,USA data,445,302,22,,
Neva,Russia,2000,NEST data,179,11,21,,
New creek,USA,1999-2001,Cairns and Lajtha (2005),,0.23,6,29,
Nha Trang bay,Vietnam,,Smith et al. (2003),,58,,,
Niangua,USA,1994,USA data,120,63,9,,
Nicholson,Australia,2004,Victoria data,4,0.27,,,
Nidd,United Kingdom,1993,House et al. (1997),,1876,,,
Niger,Niger-Nigeria,,Caraco and Cole (1999),21,,,,
Nile,Sudan-Egypt,,Caraco and Cole (1999),3,,,,
Nissan,Sweden,2000,NEST data,485,49,34,,
N01a (Konza Prairie Biological Station),USA,1990 (1987-1996),Kemp and Dodds (2001),10,,,,
N01b (Konza Prairie Biological Station),USA,1990 (1987-1992),Dodds et al. (1996),11,,,,
N02b (Konza Prairie Biological Station),USA,1990 (1987-1990),Dodds et al. (1996),5,,,,
N04d (Konza Prairie Biological Station),USA,1990 (1986-1992),Dodds et al. (1996),10,,,,
N20b (Konza Prairie Biological Station),USA,1990 (1987-1990),Dodds et al. (1996),2,,,,
Nolsjön,Sweden,,Arnheimer et al. (1996),27,27,,,
Nood Nook brook,USA,,Cairns and Lajtha (2005),14,14,,,
Norrström,Sweden,2000,NEST data,259,18,5,,
North Branch Milwaukee,USA,1994,USA data,491,340,19,,
North Branch Oromocto,Canada,1983-1989,Clair et al. (1994),,2,,,
North Branch Potomac,USA,1994,USA data,1263,1018,88,,
North East Margaree,Canada,1983-1989,Clair et al. (1994),,21,,,
North San Francisco bay,USA,,Smith et al. (2003),,17,,,
North-East Cape York,Australia,1992,Moss et al. (1992),230,,,,
Norwalk,USA,1994,USA data,506,303,24,,
Notec,Poland,,Berendt and Opitz (2000),,117,,,
Nottoway,USA,1994,USA data,85,20,12,,
Nyköpingsän,Sweden,2000,NEST data,275,14,8,,
Nysa Klodzka,Poland,,Berendt and Opitz (2000),,512,,,
Ob gulf,Russia,,Smith et al. (2003),,0.41,,,
Ochlockonee,USA,,Fu and Winchester (1994),402,117,90,,
Ochlockonee bay,USA,,Smith et al. (2003),6800,408,,,
Odra,Poland-Germany,2000,NEST data,531,76,40,,
Orange,South Africa,,Caraco and Cole (1999),4,,,,
Öreälven,Sweden,2000,NEST data,241,7,5,,
Orestimba creek,USA,1994,USA data,2302,1979,107,,
Orinoco,Venezuela-Brazil,,Lewis et al. (1999),598,104,42,208,241
Osaka bay,Japan,,Smith et al. (2003),,761,,,
Otter Tail near Fergus Falls,USA,1994,USA data,116,18,10,,
Otter Tail near Perham,USA,1994,USA data,160,37,21,,
Oulujoki,Finland,2000,NEST data,174,8,6,,
Ouse,United Kingdom,1993,House et al. (1997),,2056,,,
Ovens,Australia,2004,Victoria data,5,2,,,
Paddy creek,USA,1994,USA data,141,32,16,,
Pahkaoja,Finland,,Arnheimer et al. (1996),226,21,32,,
Paimionjoki,Finland,2000,NEST data,1283,186,74,,
Pakphanang,Thailand,,Smith et al. (2003),,6,,,
Palouse at Hooper,USA,1994,USA data,59,33,2,,
Paraguay,Paraguay-Uruguay-Brazil,,Lewis et al. (1999),73,,,,16
Paraná,Argentina,,Caraco and Cole (1999),50,,,,
Paranagua,Brazil,,Smith et al. (2003),,104,,,
Pärnu,Estonia,2000,NEST data,548,91,4,,
Patuxent estuary,USA,,Smith et al. (2003),,61,,,
Paunulanpuro,Finland,,Arnheimer et al. (1996),226,28,9,,
Pawtuxet,USA,,Nixon et al. (1995),1490,466,750,349,67
Peabody brook,USA,1997,Goodale et al. (2000),,11,10,80,
Peabody tributary,USA,1997,Goodale et al. (2000),,9,20,130,
Peachtree creek,USA,1994,USA data,493,316,66,,
Peene,Germany,,Berendt and Opitz (2000),,624,,,
Pelorus Sound,New Zealand,,Smith et al. (2003),,50,,,
Pembina,USA,1994,USA data,113,52,8,,
Penobscot,USA,,van Breemen et al. (2002),317,,,,
Pensaukee,USA,1994,USA data,253,147,18,,
Pequabuck,USA,1994,USA data,3000,2087,604,,
Perhonjoki,Finland,2000,NEST data,423,37,38,,
Peshekee,USA,1994,USA data,466,77,45,,
Pete Mitchell swamp,USA,1994,USA data,1235,1079,59,,
PhanTheit bay,Vietnam,,Smith et al. (2003),,140,,,
Piaui,Brazil,,Smith et al. (2003),,1,,,
Pielach,Austria,,Berendt and Opitz (2000),,1094,,,
Pine creek,USA,1994,USA data,21,15,,,
Pinilla near El Bonillo,Spain,2003,Alvarez-Cobelas (unpubl.),139,96,,,
Pinilla upstream Blanca lake,Spain,2003,Alvarez-Cobelas (unpubl.),229,218,1,,
Pioneer-O'Connell,Australia,1992,Moss et al. (1992),1010,,,,
Piper´s Hole,Canada,1983-1989,Clair et al. (1994),,1,,,
Piracicaba-C1,Brazil,1995-1996,Filoso et al. (2003),725,,,,
Piracicaba-C10,Brazil,1995-1996,Filoso et al. (2003),3159,,,,
Piracicaba-C2,Brazil,1995-1996,Filoso et al. (2003),1834,,,,
Piracicaba-C3,Brazil,1995-1996,Filoso et al. (2003),2391,,,,
Piracicaba-C4,Brazil,1995-1996,Filoso et al. (2003),644,,,,
Piracicaba-C5,Brazil,1995-1996,Filoso et al. (2003),1502,,,,
Piracicaba-C6,Brazil,1995-1996,Filoso et al. (2003),798,,,,
Piracicaba-C7,Brazil,1995-1996,Filoso et al. (2003),199,,,,
Piracicaba-C8,Brazil,1995-1996,Filoso et al. (2003),4667,,,,
Piracicaba-C9,Brazil,1995-1996,Filoso et al. (2003),2688,,,,
Piratininga-Itaipu,Brazil,,Smith et al. (2003),,0.14,,,
Pite Älv,Sweden,2000,NEST data,202,4,9,,
Platte at Louisville,USA,1994,USA data,90,45,3,,
Platte near Grand Island,USA,1994,USA data,15,6,,,
Po,Italy,1977,Provini et al. (1992),1081,198,,,
Po di Volano,Italy,,Marchetti and Verna (1992),3245,,,,
Point Wolfe,Canada,1983-1989,Clair et al. (1994),58,14,,,
Pond Branch,USA,2000 (1999-2001),Groffman et al. (2004),58,3,,,
Popple,USA,1994,USA data,157,23,17,,
Popple Creek,USA,,Lewis (2002),195,8,19,143,2
Porijõgi,Estonia,1987 (1987-1997),Mander et al. (2000),1800,1569,,,
Port Phillip Bay,Australia,,Smith et al. (2003),,69,,,
Portneuf,USA,1994,USA data,68,51,3,,
Porvoonjoki,Finland,2000,NEST data,1436,251,25,,
Potomac at Chain Bridge,USA,1994,USA data,843,644,26,,
Prairie creek,USA,1994,USA data,64,11,9,,
Pregolia,Lithuania,2000,NEST data,339,28,102,,
Proserpine,Australia,1992,Moss et al. (1992),710,,,,
Prosna,Poland,,Berendt and Opitz (2000),,468,,,
Pudding,USA,1994,USA data,3132,2654,76,,
Pyhäjoki,Finland,2000,NEST data,443,44,22,,
Quebrada El Jobo,Costa Rica,1993,Newbold et al. (1995),,430,,200,
Quebrada Kathia,Costa Rica,1993,Newbold et al. (1995),,560,,150,
Quebrada Marilin,Costa Rica,1993,Newbold et al. (1995),,400,,190,
Quebrada Zompopa,Costa Rica,1993,Newbold et al. (1995),,600,,340,
Racoon,USA,2000 (1973-2000),Schilling and Zhang (2004),,140,,,
Ragay gulf,Philippines,,Smith et al. (2003),,16,,,
Randow,Poland,,Berendt and Opitz (2000),,269,,,
Räneälven,Sweden,2000,NEST data,152,3,5,,
Rappahannock,USA,,van Breemen et al. (2002),470,,,,
Rebel Flar creek,USA,1994,USA data,86,69,2,,
Recknitz,Germany,,Berendt and Opitz (2000),,897,,,
Red above Fargo,USA,1994,USA data,227,85,12,,
Red at Grand Forks,USA,1994,USA data,305,158,20,,
Red at Halstad,USA,1994,USA data,161,60,11,,
Red at Pembina,USA,1994,USA data,115,28,3,,
Red Butte creek,USA,,Lewis (2002),118,5,15,73,12
Reno,Italy,1979,Caporali et al. (1981),5864,2703,242,,2968
Retreat Valley,USA,1989,Nelson et al. (1996),900,,,,
Rhine,Germany,,Caraco and Cole (1999),1520,,,,
Rhone,France,,Caraco and Cole (1999),491,,,,
Ría of Vigo,Spain,,Smith et al. (2003),,7,,,
Riánsares at Riánsares chapel,Spain,2003,Alvarez-Cobelas (unpubl.),109,123,1,,
Riánsares at the bridge of CU-200 road,Spain,2003,Alvarez-Cobelas (unpubl.),200,171,2,,
Riánsares near Corral de Almaguer,Spain,2003,Alvarez-Cobelas (unpubl.),28,29,,,
Riánsares near Lillo,Spain,2003,Alvarez-Cobelas (unpubl.),37,24,2,,
Richmond,Australia,1995,McKee and Eyre (2000),350,16,,,
Ricklean,Sweden,2000,NEST data,178,11,5,,
Rio Chama,USA,1994,USA data,34,6,3,,
Río de la Plata estuary,Argentina,,Smith et al. (2003),,28,,,
Rio Grande at El Paso,USA,1994,USA data,9,4,1,,
Rio Grande at Leesburg Dam,USA,1994,USA data,7,1,,,
Rio Grande at Otowi Bridge,USA,1994,USA data,37,7,2,,
Rio Grande at San Marcial,USA,1994,USA data,3,1,,,
Rio Grande near del Norte,USA,1994,USA data,58,15,6,,
Rio Grande near Lasauses,USA,1994,USA data,15,3,1,,
Rio Grande near Lobatos,USA,1994,USA data,14,3,1,,
Rio Grande near Taos,USA,1994,USA data,28,10,2,,
Rio Negro,Brazil,1975,Likens et al. (1977),470,,,,
Rio Puerco,USA,1994,USA data,320,13,1,,
Rio-del-Rey system A,Cameroon,,Smith et al. (2003),,44,,,
Rito de los Frijoles,USA,1994,USA data,12,2,1,,
Rock creek,USA,1994,USA data,37,2,3,11,12
Rocky,Canada,1983-1989,Clair et al. (1994),,1,,,
Rocky branch-A,USA,1997,Goodale et al. (2000),,2,10,50,
Rocky branch-B,USA,1997,Goodale et al. (2000),,2,10,50,
Rocky branch-C,USA,1997,Goodale et al. (2000),,2,10,60,
Rocky branch-D,USA,1997,Goodale et al. (2000),,2,10,60,
Rohden,Denmark,,Skop and Sorensen (1998),3200,,,,
Ronnë ä,Sweden,2000,NEST data,496,74,9,,
Rooster,USA,1994,USA data,3099,2377,219,,
Roseway,Canada,1983-1989,Clair et al. (1994),,1,,,
Ross-Black,Australia,1992,Moss et al. (1992),430,,,,
Rough Sike,United Kingdom,1975,Likens et al. (1977),300,,,,
Rubicone,Italy,,Marchetti and Verna (1992),3073,,,,
Rus near the Virgin chapel,Spain,2003,Alvarez-Cobelas (unpubl.),46,32,,,
Rush creek,USA,1994,USA data,260,109,21,,
Ryck,Germany,,Berendt and Opitz (2000),,996,,,
Saale,Germany,,Berendt and Opitz (2000),,2076,,,
Saco,USA,,van Breemen et al. (2002),389,,,,
Saguache creek,USA,1994,USA data,12,2,1,,
Saint Lawrence,Canada,,Caraco and Cole (1999),,,,,
Saint Mary's,Canada,1983-1989,Clair et al. (1994),,,,,
Saint Vrain creek,USA,1994,USA data,,,,,
Salaca,Latvia,2000,NEST data,483,67,27,,
Salmon,Canada,1983-1989,Clair et al. (1994),,3,,,
Salt,USA,1994,USA data,244,200,7,,
Salt and Mud Sloughs,USA,1994,USA data,1299,1123,15,,
San Bernardino,Italy,1995,Mosello et al. (2001),1540,1218,54,,
San Giovanni,Italy,1995,Mosello et al. (2001),1484,1302,18,,
San Joaquin near Patterson,USA,1994,USA data,302,221,21,,
San Joaquin near Vernalis,USA,1994,USA data,184,135,7,,
San Miguel bay,Philippines,,Smith et al. (2003),,29,,,
Sand Hollow,USA,1994,USA data,3220,2978,29,,
Santa Fe,USA,1994,USA data,53,30,5,,
Savio,Italy,,Marchetti and Verna (1992),2473,,,,
Saw Mill,USA,1994,USA data,1184,773,94,,
Sawmill brook,USA,2002,Wollheim et al. (2005),,113,,77,
Scape Ore Swamp,USA,,Lewis (2002),154,11,8,86,14
SCBID Wasteway,USA,1994,USA data,1529,1332,23,,
Scheldt,Germany-Belgium-The Netherlands,,Berendt and Opitz (2000),,1752,,,
Schoharie creek,USA,1994,USA data,139,88,7,,
Schunter,Germany,,Berendt and Opitz (2000),,1424,,,
Schüss,Germany,,Berendt and Opitz (2000),,1488,,,
Schussen,Germany,,Berendt and Opitz (2000),,3105,,,
Schuylkill,USA,,van Breemen et al. (2002),1755,,,,
Seine,France,,Berendt and Opitz (2000),,902,,,
Sense,Switzerland,,Berendt and Opitz (2000),,1239,,,
Sergipe,Brazil,,Smith et al. (2003),,49,,,
Severn,United Kingdom,1995,Russell et al. (1998),1871,,,,
Shell creek,USA,1994,USA data,1038,644,60,,
Shenandoah,USA,1994,USA data,903,719,24,,
Sheyenne at Lisbon,USA,1994,USA data,66,18,6,,
Sheyenne near Kindred,USA,1994,USA data,83,31,4,,
Shoalwater Bay-Sarina,Australia,1992,Moss et al. (1992),390,,,,
Sierra Lake-1,USA,1986,Williams and Melack (1997b),,3,,,
Sierra Lake-2,USA,1986,Williams and Melack (1997b),,7,,,
Siikajoki,Finland,2000,NEST data,444,40,27,,
Silverstream,New Zealand,1975,Likens et al. (1977),180,,,,
Simojoki,Finland,2000,NEST data,416,10,17,,
Sipsey Fork,USA,,Lewis (2002),240,7,19,37,159
Sirppujoki,Finland,2000,NEST data,791,67,136,,
Skellefte Älv,Sweden,2000,NEST data,156,5,8,,
Slapton Ley,United Kingdom,1989,Johnes (1996),5173,,,,
Sleepers,USA,1994,USA data,333,193,24,,
Slide brook,USA,1997,Goodale et al. (2000),,16,10,80,
Slide creek,USA,1999-2001,Cairns and Lajtha (2005),,65,4,29,
Small catchment at Valdivia,Chile,1995,Oyarzun et al. (1998),,69,,,104
Snake,USA,1994,USA data,596,180,40,,
Snake at Flagg Ranch,USA,1994,USA data,68,15,8,,
Snake at King Hill,USA,1994,USA data,128,104,4,,
Snake creek,USA,1994,USA data,204,85,19,,
Snake near Blackfoot,USA,1994,USA data,34,16,2,,
Snake near Buhl,USA,1994,USA data,66,53,2,,
Snake near Minidoka,USA,1994,USA data,58,25,3,,
Sniptjärn,Sweden,,Arnheimer et al. (1996),266,111,11,,
Snowy,Australia,2004,Victoria data,8,1,,,
Soda creek,USA,1999-2001,Cairns and Lajtha (2005),,206,6,45,
Söderköpingsan,Sweden,,Berendt and Opitz (2000),,238,,,
Sogod bay,Philippines,,Smith et al. (2003),,8,,,
Solent estuary,United Kingdom,,Smith et al. (2003),,1044,,,
Solimoes,Brazil,,Lewis et al. (1999),766,240,,136,390
Solmyren,Sweden,,Arnheimer et al. (1996),8,8,,,
Sonadora,Puerto Rico,,Lewis et al. (1999),556,130,28,357,41
Sonadora,Puerto Rico,1994 (1983-1985),McDowell and Asbury (1994),590,140,39,374,47
Sopchoppy,USA,,Fu and Winchester (1994),449,10,33,234,145
Sope creek,USA,1994,USA data,2417,699,165,,
Sorsogon bay,Philippines,,Smith et al. (2003),,89,,,
Sotuélamos creek near Sotuélamos,Spain,2003,Alvarez-Cobelas (unpubl.),256,149,,,
South San Francisco bay,USA,,Smith et al. (2003),,384,,,
Southern North sea,United Kingdom-France-Belgium,,Smith et al. (2003),,308,,,
Spang,Denmark,,Skop and Sorensen (1998),2100,,,,
Spanish Grant drain,USA,1994,USA data,1138,883,77,,
Spuller lake,USA,,Lewis et al. (1999),,45,,,
Saint Vrain creek,USA,1994,USA data,378,258,55,,
Saint Lawrence,Canada,,Caraco and Cole (1999),65,,,,
Saint Mary's,Canada,,Clair et al. (1994),,4,,,
South Platte near Kersey,USA,1994,USA data,170,138,14,,
South Branch Potomac,USA,1994,USA data,698,504,27,,
South Fork Palouse,USA,1994,USA data,128,109,2,,
South Fork (South Branch Potomac),USA,1994,USA data,255,189,7,,
South Platte at Denver,USA,1994,USA data,219,157,14,,
South Platte at Henderson,USA,1994,USA data,197,100,88,,
South Platte at North Platte,USA,1994,USA data,8,6,,,
South Platte near Balzac,USA,1994,USA data,24,20,,,
Stanislaus,USA,1994,USA data,71,32,8,,
Stensan,Sweden,,Berendt and Opitz (2000),,596,,,
Stepenitz,Germany,,Berendt and Opitz (2000),,1526,,,
Stormyra,Sweden,,Arnheimer et al. (1996),34,34,,,
Storsjön,Sweden,1975,Likens et al. (1977),230,,,,
Strona,Italy,1995,Mosello et al. (2001),2114,1652,126,,
Subic bay,Philippines,,Smith et al. (2003),,114,,,
Sude,Germany,,Berendt and Opitz (2000),,564,,,
Sugar creek,USA,1994,USA data,245,192,8,,
Sumjin estuary,Korea,,Smith et al. (2003),,250,,,
Sundays estuary,South Africa,,Smith et al. (2003),,0.21,,,
Sunshine coast,Australia,1992,Moss et al. (1992),330,,,,
Surry,Australia,2004,Victoria data,124,5,,,
Susquehanna,USA,,van Breemen et al. (2002),437,,,,
Suwannee,USA,1994,USA data,190,,,,
Svartbekk,Norway,1994 (1992-1994),Høyas et al. (1997),575,130,29,,
Swale,United Kingdom,1993,House et al. (1997),,2345,,,
Swan-Canning estuary,Australia,,Smith et al. (2003),,2,,,
Swartkops estuary,South Africa,,Smith et al. (2003),,180,,,
Szczecin  lagoon,Poland,,Smith et al. (2003),,80,,,
Tachin,Thailand,,Smith et al. (2003),,272,,,
Tambo,Australia,2004,Victoria data,84,1,,,
Tapong bay,Taiwan,,Smith et al. (2003),,39,,,
Tar at Tarboro,USA,1994,USA data,186,88,12,,
Tarra,Australia,2004,Victoria data,62,33,,,
Tarwin,Australia,2004,Victoria data,488,228,,,
Taughannock creek,USA,1975,Likens et al. (1977),560,,,,
Taunton,USA,,Nixon et al. (1995),1125,529,379,288,10
Tavollo,Italy,,Marchetti and Verna (1992),1120,,,,
Taylor creek,USA,1999-2001,Cairns and Lajtha (2005),,8,5,23,
Teacapan-Agua Brava-Marismas Nacionales,Mexico,,Smith et al. (2003),,9,,,
Teeressuonoja,Sweden,,Arnheimer et al. (1996),251,91,12,,
Teluk Banten bay,Indonesia,,Smith et al. (2003),,6,,,
Tempisquito,Costa Rica,1993,Newbold et al. (1995),,610,,300,
Tempisquito Sur,Costa Rica,1993,Newbold et al. (1995),,25,,210,
Tenmile,USA,1994,USA data,679,468,31,,
Teton,USA,1994,USA data,148,104,8,,
Thames,United Kingdom,,Caraco and Cole (1999),1120,,,,
Tharp's Creek,USA,1986 (1984-1993),Williams and Melack (1997b),,1,,,
Thukela estuary,South Africa,,Smith et al. (2003),,5,,,
Tiber,Italy,,Caraco and Cole (1999),587,,,,
Ticino,Italy,1995,Mosello et al. (2001),1078,868,36,,
Toce,Italy,1995,Mosello et al. (2001),812,518,54,,
Tokyo bay,Japan,,Smith et al. (2003),,2711,,,
Tollense,Germany,,Berendt and Opitz (2000),,812,,,
Tomales bay,Mexico,,Smith et al. (2003),,21,,,
Tommorow,USA,1994,USA data,585,497,11,,
Torne Älv,Sweden,2000,NEST data,198,5,9,,
Toronja,Puerto Rico,,Lewis et al. (1999),360,75,21,232,32
Toronja,Puerto Rico,1984 (1983-1985),McDowell and Asbury (1994),440,90,33,280,48
Torrent,Canada,1983-1989,Clair et al. (1994),,2,,,
Trebel,Germany,,Berendt and Opitz (2000),,1230,,,
Trent,United Kingdom,1993,House et al. (1997),,2854,,,
Tresa,Italy,1995,Mosello et al. (2001),1694,1022,108,,
Trinity at Romayor,USA,1994,USA data,270,125,10,,
Trinity below Dallas,USA,1994,USA data,1085,907,18,,
Trombetas,Brazil,,Lewis et al. (1999),301,,,,
Trout creek,USA,1999-2001,Cairns and Lajtha (2005),,12,5,25,
Truckee at Clark,USA,1994,USA data,115,44,44,,
Truckee at Farad,USA,1994,USA data,45,11,5,,
Truckee near Nixon,USA,1994,USA data,7,2,1,,
Truckee near Sparks,USA,1994,USA data,15,3,2,,
Tsengwen estuary,Taiwan,,Smith et al. (2003),,182,,,
Tualatin,USA,1994,USA data,1783,1291,224,,
Tucsawhatchee creek,USA,1994,USA data,280,,,,
Tuften,Norway,1994 (1992-1994),Høyas et al. (1997),620,262,37,,
Tully-Murray,Australia,1992,Moss et al. (1992),760,,,,
Tuolumne,USA,1994,USA data,69,44,4,,
Turlock lateral,USA,1994,USA data,2143,905,1172,,
Turnpike creek,USA,1994,USA data,350,28,19,,
Turtle,USA,1994,USA data,408,195,23,,
Tusket,Canada,1983-1989,Clair et al. (1994),,1,,,
Tweed,Australia,,Smith et al. (2003),,13,,,
Uecker,Germany,,Berendt and Opitz (2000),,346,,,
Ume Älv,Sweden,2000,NEST data,195,6,6,,
Upper Kuparuk,USA,1980,Peterson et al. (1990),,5,4,91,
Upper Twin creek,USA,,Lewis (2002),184,24,10,50,19
Ure,United Kingdom,1993,House et al. (1997),,2076,,,
Uruguay,Uruguay-Paraguay-Brazil,,Caraco and Cole (1999),135,,,,
Uskelanjoki,Finland,2000,NEST data,942,123,32,,
Uso,Italy,,Marchetti and Verna (1992),2154,,,,
Ussuriyskiy bay,Russia,,Smith et al. (2003),,1,,,
Vähä-Askanjoki,Finland,,Arnheimer et al. (1996),163,23,6,,
Valdejudíos near Carrascosa,Spain,2002,Alvarez-Cobelas (unpubl).,13368,6400,73,,
Valeroso creek,Spain,2002,Alvarez-Cobelas (unpubl).,266,149,209,,
Valle Smarlacca,Italy,,Smith et al. (2003),,2,,,
Vallecito creek,USA,,Lewis (2002),535,25,37,291,107
Valparaíso,Spain,2003,Alvarez-Cobelas (unpubl.),52,54,,,
Van swamp,USA,1994,USA data,520,164,83,,
Vantaa,Finland,2000,NEST data,1142,186,17,,
Vantaanjoki,Finland,,Berendt and Opitz (2000),,623,,,
Vejle,Denmark,,Skop and Sorensen (1998),2000,,,,
Velen,Sweden,1975,Likens et al. (1977),40,,,,
Venta,Lithuania,2000,NEST data,581,90,22,,
Ventena,Italy,,Marchetti and Verna (1992),2951,,,,
Verzasca,Italy,1995,Mosello et al. (2001),630,560,,,
Villa Nova,USA,2000 (1999-2001),Groffman et al. (2004),910,798,18,,
Vils,Germany,,Berendt and Opitz (2000),,1098,,,
Vinemaple creek,USA,1999-2001,Cairns and Lajtha (2005),,10,8,59,
Vironjoki,Finland,2000,NEST data,667,72,20,,
Viskan,Sweden,2000,NEST data,692,94,39,,
Vistula,Poland,2000,NEST data,553,67,75,,
Volga,Russia,,Caraco and Cole (1999),80,,,,
Vouddasbäcken,Sweden,,Arnheimer et al. (1996),18,18,,,
Walker Branch,USA,1975,Likens et al. (1977),180,,,,
Wallace,Canada,1983-1989,Clair et al. (1994),,7,,,
Wallensteingraben,Germany,,Berendt and Opitz (2000),,961,,,
Wallkill,USA,1994,USA data,919,525,49,,
Walnut Creek,USA,1993 (1992-2000),Tomer et al. (2003),6200,3794,,,
Warnow,Poland,,Berendt and Opitz (2000),,392,,,
Warta,Poland,,Berendt and Opitz (2000),,220,,,
Werribee,Australia,2004,Victoria data,,0.15,,,
Western cascades,USA,1975,Likens et al. (1977),120,,,,
West Fork Little,USA,1994,USA data,2755,1803,231,,
West Fork Three creek,USA,1999-2001,Cairns and Lajtha (2005),,91,10,57,
West Fork Trinity,USA,1994,USA data,80,17,6,,
Wet Bottom creek,USA,,Lewis (2002),42,2,6,16,13
Wharfe,United Kingdom,1993,House et al. (1997),,1208,,,
White,USA,1994,USA data,295,197,15,,
White at Hazleton,USA,1994,USA data,742,468,22,,
White near Centerton,USA,1994,USA data,1101,665,123,,
White near Elnora,USA,1994,USA data,780,436,37,,
Whiteroek creek,USA,1999-2001,Cairns and Lajtha (2005),,112,19,35,
Wild Rice,USA,1994,USA data,340,98,31,,
Willamette at Portland,USA,1994,USA data,1106,747,112,,
Wilson inlet,Australia,,Smith et al. (2003),,4,,,
Wilsons,Australia,1995,McKee and Eyre (2000),600,,,,
Windrush,United Kingdom,1989,Johnes (1996),2837,,,,
Wingan,Australia,2004,Victoria data,21,1,,,
Winnisook,USA,1995,Lovett et al. (2000),361,76,,,
Withlacoochee,USA,1994,USA data,655,110,32,,
Wolf creek,USA,1999-2001,Cairns and Lajtha (2005),,265,6,61,
Woonasquatucket,USA,1982-2001,Nixon et al. (1995),1045,512,211,287,63
WS2 (H.J. Andrews Exp. Forest),USA,1972-2001,Vanderbilt et al. (2002),46,0.45,12,30,20
WS8 (H.J. Andrews Exp. Forest),USA,1969-2001,Vanderbilt et al. (2002),48,1,12,20,10
WS9 (H.J. Andrews Exp. Forest),USA,2002,Vanderbilt et al. (2002),83,1,10,40,30
Wuchuan,China,,Cao et al. (2006),4220,,,,
Yalujiang estuary,China-Korea,,Smith et al. (2003),,883,,,
Yangtze,China,,Caraco and Cole (1999),495,,,,
Ybbs,Austria,,Berendt and Opitz (2000),,2164,,,
Yellow Sea system,China,,Smith et al. (2003),,77,,,
Yenisei estuary,Russia,,Smith et al. (2003),,1,,,
Yocum creek,USA,1994,USA data,716,656,8,,
Young Womans creek,USA,1980-1982,Lewis (2002),328,39,6,87,65
Yukon,USA,,Caraco and Cole (1999),30,,,,
Zambezi,Zambia-Congo-Namibia-Tanzania,,Caraco and Cole (1999),10,,,,
Záncara near Fuentelespino de Haro,Spain,2003,Alvarez-Cobelas (unpubl.),316,325,1,,
Záncara near Las Pedroñeras,Spain,2003,Alvarez-Cobelas (unpubl.),142,156,,,
Záncara near Palomares,Spain,2003,Alvarez-Cobelas (unpubl.),400,393,13,,
Zarow,Poland,,Berendt and Opitz (2000),,628,,,
Zealand valley-A,USA,1997,Goodale et al. (2000),,18,10,60,
Zealand valley-B,USA,1997,Goodale et al. (2000),,14,10,30,
Zealand valley-C,USA,1997,Goodale et al. (2000),,16,10,40,
Zollner creek,USA,1994,USA data,11147,10446,131,,